{"cameraMode":{"drawMode":0,"name":"Shaded","section":"Shading Mode"},"sceneLighting":true,"audioPlay":false,"sceneViewState":{"showFog":true,"showMaterialUpdate":false,"showSkybox":true,"showFlares":true,"showImageEffects":true,"showParticleSystems":true,"showVisualEffectGraphs":true,"m_FxEnabled":true},"in2DMode":false,"pivot":{"x":-0.3133585453033447,"y":-0.04891528561711311,"z":0.14869533479213715},"rotation":{"x":-0.035301804542541507,"y":0.9599869251251221,"z":-0.23890666663646699,"w":-0.14184780418872834},"size":10.72524642944336,"orthographic":false}